{"stat.pickup.minecraft.bone":2,"stat.recordPlayed":11,"stat.horseOneCm":130941,"stat.leaveGame":10,"stat.pickup.joshxmas.christmas_lights_red_green":3,"stat.useItem.galacticraftplanets.titanium_sword":41,"stat.pickup.joshxmas.record_deck_the_halls":1,"stat.jump":1012,"stat.swimOneCm":2080,"stat.pickup.minecraft.gunpowder":3,"stat.crouchOneCm":23948,"stat.useItem.minecraft.stone_slab2":6231,"stat.useItem.minecraft.water_bucket":1,"stat.pickup.minecraft.leather":4,"stat.useItem.galacticraftcore.machine3":4,"stat.pickup.minecraft.dye":3,"stat.pickup.joshxmas.record_we_wish":3,"stat.flyOneCm":823757,"stat.pickup.minecraft.concrete":1,"stat.pickup.minecraft.wheat_seeds":10,"stat.damageDealt":2048,"stat.pickup.minecraft.redstone":5,"stat.sleepInBed":3,"stat.timeSinceDeath":339889,"stat.useItem.minecraft.spawn_egg":3,"stat.useItem.galacticraftplanets.rocket_t3":7,"stat.mineBlock.galacticraftcore.view_screen":1,"stat.walkOneCm":560300,"stat.useItem.galacticraftcore.landing_pad":38,"stat.pickup.galacticraftcore.landing_pad":37,"stat.drop.galacticraftplanets.walkway":1,"stat.pickup.galacticraftcore.view_screen":1,"stat.pickup.galacticraftplanets.walkway":1,"stat.killEntity.Creeper":5,"stat.drop.minecraft.spawn_egg":1,"stat.pickup.minecraft.string":2,"stat.useItem.minecraft.redstone":25,"stat.pickup.joshxmas.record_silent_night":2,"stat.sprintOneCm":76408,"stat.drop.minecraft.leather":2,"stat.pickup.joshxmas.record_jingle_bells":10,"stat.pickup.galacticraftplanets.rocket_t3":7,"stat.killEntity.Skeleton":2,"stat.killEntity.Horse":2,"stat.killEntity.Spider":1,"stat.pickup.galacticraftcore.infinite_battery":1,"stat.mobKills":10,"stat.drop.galacticraftcore.basic_block_core":3,"stat.drop.props.props":1,"stat.pickup.minecraft.spawn_egg":1,"stat.pickup.props.props":1,"stat.drop":8,"stat.playOneMinute":339889,"stat.pickup.minecraft.red_flower":4,"stat.sneakTime":16564,"stat.pickup.galacticraftcore.space_glass_clear":2,"stat.diveOneCm":397,"stat.useItem.joshxmas.christmas_lights_red_green":105}