{
  "mob.chicken.step": {
    "category": "neutral",
    "sounds": [
      "mob/chicken/step1",
      "mob/chicken/step2"
    ]
  },
  "mob.endermen.stare": {
    "category": "hostile",
    "sounds": [
      "mob/endermen/stare"
    ]
  },
  "mob.irongolem.death": {
    "category": "neutral",
    "sounds": [
      "mob/irongolem/death"
    ]
  },
  "mob.irongolem.hit": {
    "category": "neutral",
    "sounds": [
      "mob/irongolem/hit1",
      "mob/irongolem/hit2",
      "mob/irongolem/hit3",
      "mob/irongolem/hit4"
    ]
  },
  "mob.irongolem.throw": {
    "category": "neutral",
    "sounds": [
      "mob/irongolem/throw"
    ]
  },
  "mob.irongolem.walk": {
    "category": "neutral",
    "sounds": [
      "mob/irongolem/walk1",
      "mob/irongolem/walk2",
      "mob/irongolem/walk3",
      "mob/irongolem/walk4"
    ]
  },
    "mob.villager.death": {
    "category": "neutral",
    "sounds": [
      "mob/villager/death"
    ]
  },
  "mob.villager.haggle": {
    "category": "neutral",
    "sounds": [
      "mob/villager/haggle1",
      "mob/villager/haggle2",
      "mob/villager/haggle3"
    ]
  },
  "mob.villager.hit": {
    "category": "neutral",
    "sounds": [
      "mob/villager/hit1",
      "mob/villager/hit2",
      "mob/villager/hit3",
      "mob/villager/hit4"
    ]
  },
  "mob.villager.idle": {
    "category": "neutral",
    "sounds": [
      "mob/villager/idle1",
      "mob/villager/idle2",
      "mob/villager/idle3"
    ]
  },
  "mob.villager.no": {
    "category": "neutral",
    "sounds": [
      "mob/villager/no1",
      "mob/villager/no2",
      "mob/villager/no3"
    ]
  },
  "mob.villager.yes": {
    "category": "neutral",
    "sounds": [
      "mob/villager/yes1",
      "mob/villager/yes2",
      "mob/villager/yes3"
    ]
  },
  "mob.witch.death": {
    "category": "hostile",
    "sounds": [
      "mob/witch/death1",
      "mob/witch/death2"
    ]
  },
  "mob.witch.hurt": {
    "category": "hostile",
    "sounds": [
      "mob/witch/hurt1",
      "mob/witch/hurt2"
    ]
  },
  "mob.witch.idle": {
    "category": "hostile",
    "sounds": [
      "mob/witch/idle1",
      "mob/witch/idle2"
    ]
  },
  "random.breath": {
    "category": "neutral",
    "sounds": [
      "random/breath"
    ]
  },
  "eating": {
    "category": "neutral",
    "sounds": [
      "ots/eating"
    ]
  },
  "step.anvil": {
    "category": "neutral",
    "sounds": [
      "step/stone1",
      "step/stone2",
      "step/stone3",
      "step/stone4",
      "step/stone5",
      "step/stone6"
    ]
  },
  "none": {
    "category": "neutral",
    "sounds": [
      {
        "name": "ots/beep1",
        "pitch": 0.4,
        "volume": 0.6
      },
      {
        "name": "ots/beep2",
        "pitch": 0.4,
        "volume": 0.6
      },
      {
        "name": "ots/beep4",
        "pitch": 0.4,
        "volume": 0.6
      },
      {
        "name": "ots/beep5",
        "pitch": 0.4,
        "volume": 0.6
      },
      {
        "name": "ots/beep6",
        "pitch": 0.4,
        "volume": 0.6
      },
      {
        "name": "ots/none1",
        "pitch": 0.4,
        "volume": 0.6
      },
      {
        "name": "ots/none2",
        "pitch": 0.4,
        "volume": 0.6
      },
      {
        "name": "ots/none3",
        "pitch": 0.4,
        "volume": 0.6
      }
    ]
  }
}
