{"stats":{"minecraft:killed":{"minecraft:skeleton":1,"minecraft:pig":1,"minecraft:illager_beast":1,"minecraft:chicken":1,"minecraft:elder_guardian":1,"minecraft:creeper":2},"minecraft:used":{"minecraft:creeper_spawn_egg":2,"minecraft:lantern":2,"minecraft:spruce_slab":27,"minecraft:spruce_planks":123,"minecraft:spruce_trapdoor":39,"minecraft:diamond_sword":92,"minecraft:hopper":2,"minecraft:loom":2,"minecraft:illager_beast_spawn_egg":1,"minecraft:grass_path":16,"minecraft:skeleton_horse_spawn_egg":4,"minecraft:stripped_spruce_log":58,"minecraft:obsidian":41},"minecraft:dropped":{"minecraft:hopper":1,"minecraft:obsidian":1,"minecraft:illager_beast_spawn_egg":1,"minecraft:lectern":1},"minecraft:picked_up":{"minecraft:feather":4,"minecraft:cooked_porkchop":3,"minecraft:gunpowder":5,"minecraft:lantern":1,"minecraft:bone":3,"minecraft:arrow":4,"minecraft:cooked_chicken":2,"minecraft:saddle":1,"minecraft:lectern":1,"minecraft:hopper":1,"minecraft:wet_sponge":1,"minecraft:egg":1},"minecraft:custom":{"minecraft:time_since_rest":38056,"minecraft:sprint_one_cm":2046,"minecraft:walk_one_cm":16034,"minecraft:mob_kills":8,"minecraft:drop":4,"minecraft:inspect_hopper":1,"minecraft:damage_dealt":2562,"minecraft:swim_one_cm":2263,"minecraft:fly_one_cm":427455,"minecraft:open_chest":1,"minecraft:crouch_one_cm":722,"minecraft:play_one_minute":38056,"minecraft:sneak_time":1500,"minecraft:walk_under_water_one_cm":6808,"minecraft:jump":56,"minecraft:leave_game":2,"minecraft:walk_on_water_one_cm":1657,"minecraft:time_since_death":38056}},"DataVersion":1913}