[
    {
        "Name" : "Titan",
        "Type" : "Looping",
        "Sound" : "ambiotic:bkgs.titan_wind_loop",
        "Conditions" : "World.Biome == 'Titan'",
        "Restrict" : "#UnderGround#",
        "Volume" : {
            "Type" : "Scripted",
            "Code" : "0.60*#Muffle#"
        }
    },
	
	{
        "Name" : "TitanHighWind",
        "Type" : "Looping",
        "Sound" : "ambiotic:bkgs.inst_whistle_wind_loop",
        "Conditions" : "World.Biome == 'Titan' && Player.Y >= 100 && Player.Y < 400",
        "Restrict" : "(#UnderGround#) || Player.Submerged",
        "Volume" : {
            "Type" : "Scripted",
            "Code" : "(1 - vclmp(Math.abs(Player.Y - 250) / 150.0)) * #Muffle#"
        }
    }
]