[
    {
        "Name" : "LakeOrRiver",
        "Type" : "Looping",
        "Sound" : "ambiotic:bkgs.lake_river_loop",
        "Conditions" : "(LS.Water/LS.Size >= .05)",
        "Restrict" : "#UnderGround# || Player.Submerged || LS.Salinity > 0.01 || #IsDead#",
        "Volume" : {
            "Type" : "Scripted",
            "Code" : "0.25*#Muffle#"
        }
    },

    {
        "Name" : "SwimmingUnderWater",
        "Type" : "Looping",
        "Sound" : "ambiotic:bkgs.inst_water_underwater_loop",
        "Conditions" : "Player.Submerged",
        "Volume" : {
            "Type" : "Constant",
            "Value" : 0.2
        }
    },

    {
        "Name" : "BkgBeachWaves",
        "Type" : "Looping",
        "Sound" : "ambiotic:bkgs.beach_waves_loop",
        "Conditions" : "LS.Salinity >= 0.1 && Player.Y < 100",
        "Restrict" : "#UnderGround# || Player.Submerged",
        "Volume" : {
            "Type" : "Scripted",
            "Code" : "0.1*#Muffle#"
        }
    }
]