{"stat.pickup.minecraft.bone":2,"stat.useItem.galacticraftcore.machine_tiered":5,"stat.useItem.minecraft.painting":13,"stat.horseOneCm":130941,"stat.leaveGame":17,"stat.pickup.joshxmas.christmas_lights_red_green":3,"stat.pickup.joshxmas.record_deck_the_halls":1,"stat.killEntity.evolved_skeleton":1,"stat.swimOneCm":9417,"stat.useItem.minecraft.stone_slab2":8338,"stat.useItem.minecraft.water_bucket":1,"stat.pickup.minecraft.rotten_flesh":1,"stat.useItem.galacticraftcore.refinery":3,"stat.pickup.minecraft.coal_ore":26,"stat.pickup.minecraft.bucket":4,"stat.flyOneCm":1911918,"stat.pickup.minecraft.redstone":5,"stat.timeSinceDeath":593727,"stat.hopperInspected":26,"stat.useItem.minecraft.spawn_egg":15,"stat.useItem.minecraft.iron_door":3,"stat.useItem.galacticraftplanets.rocket_t3":15,"stat.mineBlock.galacticraftcore.view_screen":1,"stat.useItem.galacticraftplanets.rocket_t2":1,"stat.pickup.galacticraftplanets.crashed_probe":1,"stat.drop.galacticraftplanets.walkway":1,"stat.drop.minecraft.gravel":1,"stat.pickup.galacticraftcore.basic_block_core":37,"stat.killEntity.Creeper":5,"stat.drop.minecraft.spawn_egg":2,"stat.pickup.minecraft.string":2,"stat.useItem.minecraft.redstone":25,"stat.sprintOneCm":230537,"stat.drop.minecraft.leather":2,"stat.pickup.joshxmas.record_jingle_bells":10,"stat.killEntity.Horse":2,"stat.drop.galacticraftplanets.miner_base":1,"stat.drop.galacticraftcore.basic_block_core":7,"stat.pickup.minecraft.spawn_egg":1,"stat.drop":17,"stat.playOneMinute":593727,"stat.diveOneCm":15490,"stat.chestOpened":69,"stat.recordPlayed":11,"stat.useItem.minecraft.stone":63,"stat.useItem.galacticraftplanets.titanium_sword":41,"stat.pickup.blockcraftery.editable_slant":1,"stat.jump":2116,"stat.drop.minecraft.stone":1,"stat.pickup.minecraft.gunpowder":3,"stat.crouchOneCm":36382,"stat.pickup.minecraft.painting":2,"stat.pickup.minecraft.dirt":16,"stat.pickup.minecraft.iron_ore":10,"stat.pickup.minecraft.leather":4,"stat.useItem.galacticraftcore.machine3":4,"stat.pickup.minecraft.dye":3,"stat.pickup.joshxmas.record_we_wish":3,"stat.pickup.minecraft.concrete":1,"stat.pickup.minecraft.wheat_seeds":17,"stat.damageDealt":2541,"stat.sleepInBed":5,"stat.walkOneCm":1085462,"stat.useItem.minecraft.torch":28,"stat.useItem.galacticraftcore.landing_pad":84,"stat.drop.minecraft.diamond_ore":1,"stat.pickup.galacticraftcore.landing_pad":91,"stat.pickup.galacticraftcore.view_screen":1,"stat.pickup.galacticraftplanets.walkway":2,"stat.pickup.galacticraftcore.aluminum_wire":1,"stat.useItem.galacticraftcore.basic_block_core":40,"stat.useItem.galacticraftcore.rocket_workbench":8,"stat.useItem.minecraft.item_frame":9,"stat.useItem.galacticraftcore.view_screen":2,"stat.useItem.galacticraftcore.bucket_oil":3,"stat.pickup.minecraft.stone":1448,"stat.pickup.joshxmas.record_silent_night":2,"stat.pickup.galacticraftcore.fluid_pipe":1,"stat.pickup.galacticraftplanets.rocket_t3":13,"stat.killEntity.Skeleton":2,"stat.killEntity.Spider":1,"stat.pickup.galacticraftcore.infinite_battery":4,"stat.pickup.galacticraftplanets.miner_base":1,"stat.mobKills":11,"stat.drop.props.props":1,"stat.pickup.props.props":1,"stat.useItem.galacticraftplanets.astro_miner":6,"stat.pickup.minecraft.iron_door":1,"stat.pickup.minecraft.torch":15,"stat.pickup.minecraft.red_flower":5,"stat.sneakTime":26848,"stat.pickup.galacticraftcore.space_glass_clear":2,"stat.useItem.joshxmas.christmas_lights_red_green":105}